,state_abbr,income,year
0,AL,46660.0,1984
1,AL,47790.0,1985
2,AL,49070.0,1986
3,AL,48960.0,1987
4,AL,47720.0,1988
5,AL,48780.0,1989
6,AL,51050.0,1990
7,AL,51340.0,1991
8,AL,53080.0,1992
9,AL,50340.0,1993
10,AL,53410.0,1994
11,AL,49870.0,1995
12,AL,56640.0,1996
13,AL,58450.0,1997
14,AL,65470.0,1998
15,AL,64120.0,1999
16,AL,60570.0,2000
17,AL,58790.0,2001
18,AL,62100.0,2002
19,AL,60270.0,2003
20,AL,57810.0,2004
21,AL,56980.0,2005
22,AL,56570.0,2006
23,AL,61350.0,2007
24,AL,62350.0,2008
25,AL,56280.0,2009
26,AL,56840.0,2010
27,AL,57360.0,2011
28,AL,57430.0,2012
29,AL,61770.0,2013
30,AL,54420.0,2014
31,AL,57330.0,2015
32,AL,60290.0,2016
33,AL,63820.0,2017
34,AL,61420.0,2018
35,AL,68110.0,2019
36,AL,65600.0,2020
37,AL,65360.0,2021
38,AL,63870.0,2022
39,AL,62230.0,2023
40,AL,65560.0,2024
41,AK,87220.0,1984
42,AK,90670.0,1985
43,AK,80420.0,1986
44,AK,82440.0,1987
45,AK,79190.0,1988
46,AK,82520.0,1989
47,AK,85880.0,1990
48,AK,85640.0,1991
49,AK,85970.0,1992
50,AK,86160.0,1993
51,AK,89100.0,1994
52,AK,92000.0,1995
53,AK,98660.0,1996
54,AK,87830.0,1997
55,AK,91520.0,1998
56,AK,90910.0,1999
57,AK,90360.0,2000
58,AK,95920.0,2001
59,AK,87160.0,2002
60,AK,83860.0,2003
61,AK,86900.0,2004
62,AK,85730.0,2005
63,AK,84100.0,2006
64,AK,91550.0,2007
65,AK,89710.0,2008
66,AK,86710.0,2009
67,AK,80320.0,2010
68,AK,77340.0,2011
69,AK,84090.0,2012
70,AK,94600.0,2013
71,AK,87040.0,2014
72,AK,96750.0,2015
73,AK,96680.0,2016
74,AK,97850.0,2017
75,AK,84540.0,2018
76,AK,95010.0,2019
77,AK,89650.0,2020
78,AK,93150.0,2021
79,AK,95670.0,2022
80,AK,100700.0,2023
81,AK,91260.0,2024
82,AZ,57750.0,1984
83,AZ,62240.0,1985
84,AZ,65400.0,1986
85,AZ,66360.0,1987
86,AZ,63240.0,1988
87,AZ,65430.0,1989
88,AZ,63870.0,1990
89,AZ,64820.0,1991
90,AZ,60380.0,1992
91,AZ,61230.0,1993
92,AZ,61460.0,1994
93,AZ,59210.0,1995
94,AZ,59140.0,1996
95,AZ,59910.0,1997
96,AZ,66960.0,1998
97,AZ,65440.0,1999
98,AZ,68020.0,2000
99,AZ,71410.0,2001
100,AZ,65620.0,2002
101,AZ,66600.0,2003
102,AZ,69200.0,2004
103,AZ,69400.0,2005
104,AZ,69550.0,2006
105,AZ,68620.0,2007
106,AZ,65770.0,2008
107,AZ,64380.0,2009
108,AZ,65120.0,2010
109,AZ,65480.0,2011
110,AZ,62160.0,2012
111,AZ,68680.0,2013
112,AZ,63390.0,2014
113,AZ,67300.0,2015
114,AZ,72900.0,2016
115,AZ,74900.0,2017
116,AZ,76600.0,2018
117,AZ,85650.0,2019
118,AZ,80470.0,2020
119,AZ,81310.0,2021
120,AZ,78300.0,2022
121,AZ,84800.0,2023
122,AZ,84700.0,2024
123,AR,42250.0,1984
124,AR,45490.0,1985
125,AR,48040.0,1986
126,AR,46710.0,1987
127,AR,48260.0,1988
128,AR,49120.0,1989
129,AR,49800.0,1990
130,AR,49420.0,1991
131,AR,49120.0,1992
132,AR,46240.0,1993
133,AR,50210.0,1994
134,AR,49530.0,1995
135,AR,50700.0,1996
136,AR,47880.0,1997
137,AR,49950.0,1998
138,AR,52500.0,1999
139,AR,50780.0,2000
140,AR,55750.0,2001
141,AR,53490.0,2002
142,AR,51770.0,2003
143,AR,55210.0,2004
144,AR,56230.0,2005
145,AR,55240.0,2006
146,AR,59290.0,2007
147,AR,55500.0,2008
148,AR,51430.0,2009
149,AR,53580.0,2010
150,AR,55620.0,2011
151,AR,51550.0,2012
152,AR,51400.0,2013
153,AR,57820.0,2014
154,AR,55130.0,2015
155,AR,58610.0,2016
156,AR,62420.0,2017
157,AR,61230.0,2018
158,AR,66100.0,2019
159,AR,60900.0,2020
160,AR,58310.0,2021
161,AR,57540.0,2022
162,AR,64880.0,2023
163,AR,64840.0,2024
164,CA,68160.0,1984
165,CA,70340.0,1985
166,CA,74400.0,1986
167,CA,74790.0,1987
168,CA,72460.0,1988
169,CA,75650.0,1989
170,CA,72750.0,1990
171,CA,70990.0,1991
172,CA,71780.0,1992
173,CA,68380.0,1993
174,CA,69390.0,1994
175,CA,71010.0,1995
176,CA,72550.0,1996
177,CA,72640.0,1997
178,CA,73900.0,1998
179,CA,77170.0,1999
180,CA,80050.0,2000
181,CA,79030.0,2001
182,CA,78340.0,2002
183,CA,79760.0,2003
184,CA,77690.0,2004
185,CA,79380.0,2005
186,CA,82460.0,2006
187,CA,81000.0,2007
188,CA,79930.0,2008
189,CA,79010.0,2009
190,CA,75370.0,2010
191,CA,71870.0,2011
192,CA,75340.0,2012
193,CA,79360.0,2013
194,CA,77850.0,2014
195,CA,81970.0,2015
196,CA,85080.0,2016
197,CA,87880.0,2017
198,CA,86690.0,2018
199,CA,94660.0,2019
200,CA,93140.0,2020
201,CA,93660.0,2021
202,CA,90930.0,2022
203,CA,92200.0,2023
204,CA,100600.0,2024
205,CO,69550.0,1984
206,CO,73470.0,1985
207,CO,69740.0,1986
208,CO,65680.0,1987
209,CO,62710.0,1988
210,CO,61430.0,1989
211,CO,67170.0,1990
212,CO,66430.0,1991
213,CO,66810.0,1992
214,CO,69210.0,1993
215,CO,74300.0,1994
216,CO,78100.0,1995
217,CO,76550.0,1996
218,CO,79120.0,1997
219,CO,84130.0,1998
220,CO,85210.0,1999
221,CO,82480.0,2000
222,CO,82600.0,2001
223,CO,79760.0,2002
224,CO,80790.0,2003
225,CO,80310.0,2004
226,CO,77380.0,2005
227,CO,83020.0,2006
228,CO,88860.0,2007
229,CO,85440.0,2008
230,CO,78730.0,2009
231,CO,83640.0,2010
232,CO,78960.0,2011
233,CO,75650.0,2012
234,CO,88650.0,2013
235,CO,78430.0,2014
236,CO,85780.0,2015
237,CO,90090.0,2016
238,CO,94080.0,2017
239,CO,89820.0,2018
240,CO,87870.0,2019
241,CO,100500.0,2020
242,CO,97540.0,2021
243,CO,95870.0,2022
244,CO,99140.0,2023
245,CO,106500.0,2024
246,CT,80730.0,1984
247,CT,81050.0,1985
248,CT,83920.0,1986
249,CT,81520.0,1987
250,CT,86630.0,1988
251,CT,96990.0,1989
252,CT,84950.0,1990
253,CT,88900.0,1991
254,CT,83990.0,1992
255,CT,79300.0,1993
256,CT,80710.0,1994
257,CT,77210.0,1995
258,CT,78730.0,1996
259,CT,80490.0,1997
260,CT,83960.0,1998
261,CT,89490.0,1999
262,CT,85780.0,2000
263,CT,89200.0,2001
264,CT,88170.0,2002
265,CT,88920.0,2003
266,CT,86960.0,2004
267,CT,87180.0,2005
268,CT,93020.0,2006
269,CT,93220.0,2007
270,CT,90680.0,2008
271,CT,91280.0,2009
272,CT,91640.0,2010
273,CT,88100.0,2011
274,CT,84880.0,2012
275,CT,90450.0,2013
276,CT,90300.0,2014
277,CT,93880.0,2015
278,CT,96930.0,2016
279,CT,93230.0,2017
280,CT,89550.0,2018
281,CT,105800.0,2019
282,CT,95280.0,2020
283,CT,92950.0,2021
284,CT,96720.0,2022
285,CT,94620.0,2023
286,CT,99240.0,2024
287,DE,69600.0,1984
288,DE,59910.0,1985
289,DE,65720.0,1986
290,DE,72550.0,1987
291,DE,72980.0,1988
292,DE,73490.0,1989
293,DE,67320.0,1990
294,DE,68720.0,1991
295,DE,73380.0,1992
296,DE,72380.0,1993
297,DE,70450.0,1994
298,DE,67010.0,1995
299,DE,73480.0,1996
300,DE,78750.0,1997
301,DE,74850.0,1998
302,DE,82470.0,1999
303,DE,86110.0,2000
304,DE,82940.0,2001
305,DE,82000.0,2002
306,DE,79300.0,2003
307,DE,75830.0,2004
308,DE,78590.0,2005
309,DE,78160.0,2006
310,DE,79340.0,2007
311,DE,71080.0,2008
312,DE,73350.0,2009
313,DE,76670.0,2010
314,DE,73610.0,2011
315,DE,64700.0,2012
316,DE,70610.0,2013
317,DE,74040.0,2014
318,DE,74390.0,2015
319,DE,74110.0,2016
320,DE,81510.0,2017
321,DE,79960.0,2018
322,DE,89920.0,2019
323,DE,83990.0,2020
324,DE,78860.0,2021
325,DE,86090.0,2022
326,DE,88570.0,2023
327,DE,85860.0,2024
328,FL,53330.0,1984
329,FL,55640.0,1985
330,FL,58600.0,1986
331,FL,60750.0,1987
332,FL,60780.0,1988
333,FL,59780.0,1989
334,FL,58320.0,1990
335,FL,57470.0,1991
336,FL,56250.0,1992
337,FL,57300.0,1993
338,FL,57530.0,1994
339,FL,57070.0,1995
340,FL,57280.0,1996
341,FL,59390.0,1997
342,FL,63020.0,1998
343,FL,63380.0,1999
344,FL,66440.0,2000
345,FL,60900.0,2001
346,FL,62800.0,2002
347,FL,63050.0,2003
348,FL,63980.0,2004
349,FL,65940.0,2005
350,FL,68080.0,2006
351,FL,66550.0,2007
352,FL,62890.0,2008
353,FL,64230.0,2009
354,FL,61190.0,2010
355,FL,60740.0,2011
356,FL,60870.0,2012
357,FL,63350.0,2013
358,FL,59390.0,2014
359,FL,62890.0,2015
360,FL,65340.0,2016
361,FL,66610.0,2017
362,FL,67210.0,2018
363,FL,70740.0,2019
364,FL,69280.0,2020
365,FL,68580.0,2021
366,FL,69680.0,2022
367,FL,74070.0,2023
368,FL,75630.0,2024
369,GA,53870.0,1984
370,GA,54870.0,1985
371,GA,62500.0,1986
372,GA,66270.0,1987
373,GA,63550.0,1988
374,GA,63120.0,1989
375,GA,60230.0,1990
376,GA,57390.0,1991
377,GA,59220.0,1992
378,GA,63540.0,1993
379,GA,61800.0,1994
380,GA,65420.0,1995
381,GA,60740.0,1996
382,GA,67090.0,1997
383,GA,69810.0,1998
384,GA,69730.0,1999
385,GA,71640.0,2000
386,GA,71190.0,2001
387,GA,70910.0,2002
388,GA,68660.0,2003
389,GA,64680.0,2004
390,GA,70440.0,2005
391,GA,73550.0,2006
392,GA,70690.0,2007
393,GA,64810.0,2008
394,GA,61000.0,2009
395,GA,61260.0,2010
396,GA,61910.0,2011
397,GA,63580.0,2012
398,GA,61340.0,2013
399,GA,63780.0,2014
400,GA,65390.0,2015
401,GA,68340.0,2016
402,GA,72750.0,2017
403,GA,68650.0,2018
404,GA,68630.0,2019
405,GA,71090.0,2020
406,GA,70610.0,2021
407,GA,72200.0,2022
408,GA,74290.0,2023
409,GA,81210.0,2024
410,HI,77840.0,1984
411,HI,75500.0,1985
412,HI,74380.0,1986
413,HI,86880.0,1987
414,HI,79000.0,1988
415,HI,80290.0,1989
416,HI,85060.0,1990
417,HI,78550.0,1991
418,HI,86610.0,1992
419,HI,85620.0,1993
420,HI,82990.0,1994
421,HI,82210.0,1995
422,HI,78080.0,1996
423,HI,74910.0,1997
424,HI,73710.0,1998
425,HI,78720.0,1999
426,HI,88130.0,2000
427,HI,79320.0,2001
428,HI,78120.0,2002
429,HI,83860.0,2003
430,HI,88770.0,2004
431,HI,91400.0,2005
432,HI,90140.0,2006
433,HI,93050.0,2007
434,HI,86250.0,2008
435,HI,78330.0,2009
436,HI,82670.0,2010
437,HI,79520.0,2011
438,HI,74340.0,2012
439,HI,83850.0,2013
440,HI,91670.0,2014
441,HI,83100.0,2015
442,HI,92090.0,2016
443,HI,92340.0,2017
444,HI,98520.0,2018
445,HI,106700.0,2019
446,HI,96950.0,2020
447,HI,94370.0,2021
448,HI,97010.0,2022
449,HI,99880.0,2023
450,HI,98240.0,2024
451,ID,56850.0,1984
452,ID,54120.0,1985
453,ID,53220.0,1986
454,ID,51490.0,1987
455,ID,56100.0,1988
456,ID,56500.0,1989
457,ID,55300.0,1990
458,ID,55070.0,1991
459,ID,56980.0,1992
460,ID,62230.0,1993
461,ID,61940.0,1994
462,ID,62690.0,1995
463,ID,64880.0,1996
464,ID,61130.0,1997
465,ID,66220.0,1998
466,ID,63320.0,1999
467,ID,64310.0,2000
468,ID,63940.0,2001
469,ID,62290.0,2002
470,ID,68550.0,2003
471,ID,70010.0,2004
472,ID,67760.0,2005
473,ID,68890.0,2006
474,ID,71480.0,2007
475,ID,66480.0,2008
476,ID,65840.0,2009
477,ID,65330.0,2010
478,ID,63910.0,2011
479,ID,63320.0,2012
480,ID,63270.0,2013
481,ID,68780.0,2014
482,ID,66490.0,2015
483,ID,72220.0,2016
484,ID,74650.0,2017
485,ID,72230.0,2018
486,ID,79970.0,2019
487,ID,80030.0,2020
488,ID,88310.0,2021
489,ID,77370.0,2022
490,ID,75820.0,2023
491,ID,81650.0,2024
492,IL,64020.0,1984
493,IL,64830.0,1985
494,IL,67990.0,1986
495,IL,67190.0,1987
496,IL,70630.0,1988
497,IL,71730.0,1989
498,IL,71120.0,1990
499,IL,67240.0,1991
500,IL,64890.0,1992
501,IL,65940.0,1993
502,IL,68900.0,1994
503,IL,73040.0,1995
504,IL,73940.0,1996
505,IL,75550.0,1997
506,IL,77950.0,1998
507,IL,81950.0,1999
508,IL,78760.0,2000
509,IL,77200.0,2001
510,IL,70540.0,2002
511,IL,73050.0,2003
512,IL,72720.0,2004
513,IL,74240.0,2005
514,IL,72550.0,2006
515,IL,76310.0,2007
516,IL,74660.0,2008
517,IL,74420.0,2009
518,IL,70440.0,2010
519,IL,68190.0,2011
520,IL,68360.0,2012
521,IL,70410.0,2013
522,IL,70680.0,2014
523,IL,77810.0,2015
524,IL,78370.0,2016
525,IL,82770.0,2017
526,IL,86270.0,2018
527,IL,90170.0,2019
528,IL,89160.0,2020
529,IL,90990.0,2021
530,IL,83170.0,2022
531,IL,90090.0,2023
532,IL,84210.0,2024
533,IN,61380.0,1984
534,IN,59110.0,1985
535,IN,58290.0,1986
536,IN,55870.0,1987
537,IN,62900.0,1988
538,IN,59350.0,1989
539,IN,58850.0,1990
540,IN,57130.0,1991
541,IN,58670.0,1992
542,IN,59150.0,1993
543,IN,54710.0,1994
544,IN,64050.0,1995
545,IN,65700.0,1996
546,IN,71170.0,1997
547,IN,71730.0,1998
548,IN,72230.0,1999
549,IN,69870.0,2000
550,IN,67520.0,2001
551,IN,67790.0,2002
552,IN,68640.0,2003
553,IN,66810.0,2004
554,IN,65090.0,2005
555,IN,67680.0,2006
556,IN,68970.0,2007
557,IN,65220.0,2008
558,IN,62360.0,2009
559,IN,64070.0,2010
560,IN,59850.0,2011
561,IN,60980.0,2012
562,IN,64560.0,2013
563,IN,61860.0,2014
564,IN,66960.0,2015
565,IN,71620.0,2016
566,IN,73730.0,2017
567,IN,73660.0,2018
568,IN,80830.0,2019
569,IN,80130.0,2020
570,IN,80590.0,2021
571,IN,74650.0,2022
572,IN,78900.0,2023
573,IN,76710.0,2024
574,IA,53540.0,1984
575,IA,54550.0,1985
576,IA,57600.0,1986
577,IA,55050.0,1987
578,IA,58150.0,1988
579,IA,60190.0,1989
580,IA,59640.0,1990
581,IA,60210.0,1991
582,IA,59110.0,1992
583,IA,57520.0,1993
584,IA,64970.0,1994
585,IA,68150.0,1995
586,IA,62080.0,1996
587,IA,61820.0,1997
588,IA,66830.0,1998
589,IA,72690.0,1999
590,IA,70090.0,2000
591,IA,68520.0,2001
592,IA,67790.0,2002
593,IA,66950.0,2003
594,IA,68480.0,2004
595,IA,71320.0,2005
596,IA,71740.0,2006
597,IA,71080.0,2007
598,IA,70300.0,2008
599,IA,71390.0,2009
600,IA,68060.0,2010
601,IA,67630.0,2011
602,IA,70610.0,2012
603,IA,78530.0,2013
604,IA,74410.0,2014
605,IA,78380.0,2015
606,IA,75450.0,2016
607,IA,79630.0,2017
608,IA,84520.0,2018
609,IA,80050.0,2019
610,IA,82540.0,2020
611,IA,83160.0,2021
612,IA,81360.0,2022
613,IA,82950.0,2023
614,IA,85480.0,2024
615,KS,66390.0,1984
616,KS,59410.0,1985
617,KS,61360.0,1986
618,KS,63470.0,1987
619,KS,61160.0,1988
620,KS,61560.0,1989
621,KS,65380.0,1990
622,KS,61780.0,1991
623,KS,62410.0,1992
624,KS,59750.0,1993
625,KS,55620.0,1994
626,KS,58210.0,1995
627,KS,60910.0,1996
628,KS,66740.0,1997
629,KS,66280.0,1998
630,KS,66060.0,1999
631,KS,70200.0,2000
632,KS,69250.0,2001
633,KS,70390.0,2002
634,KS,71560.0,2003
635,KS,64810.0,2004
636,KS,64460.0,2005
637,KS,67900.0,2006
638,KS,70480.0,2007
639,KS,67120.0,2008
640,KS,62940.0,2009
641,KS,63950.0,2010
642,KS,62150.0,2011
643,KS,66060.0,2012
644,KS,62420.0,2013
645,KS,68790.0,2014
646,KS,70670.0,2015
647,KS,72530.0,2016
648,KS,71390.0,2017
649,KS,78640.0,2018
650,KS,88660.0,2019
651,KS,87660.0,2020
652,KS,87230.0,2021
653,KS,77870.0,2022
654,KS,87030.0,2023
655,KS,87690.0,2024
656,KY,47660.0,1984
657,KY,45260.0,1985
658,KY,50970.0,1986
659,KY,51290.0,1987
660,KY,47620.0,1988
661,KY,53360.0,1989
662,KY,54160.0,1990
663,KY,50110.0,1991
664,KY,48300.0,1992
665,KY,48920.0,1993
666,KY,52230.0,1994
667,KY,57190.0,1995
668,KY,60590.0,1996
669,KY,61220.0,1997
670,KY,65450.0,1998
671,KY,59670.0,1999
672,KY,62010.0,2000
673,KY,64270.0,2001
674,KY,60710.0,2002
675,KY,59760.0,2003
676,KY,56200.0,2004
677,KY,56290.0,2005
678,KY,58860.0,2006
679,KY,57340.0,2007
680,KY,57690.0,2008
681,KY,60050.0,2009
682,KY,57070.0,2010
683,KY,53670.0,2011
684,KY,54280.0,2012
685,KY,58580.0,2013
686,KY,55070.0,2014
687,KY,54600.0,2015
688,KY,57920.0,2016
689,KY,62320.0,2017
690,KY,67100.0,2018
691,KY,67460.0,2019
692,KY,68080.0,2020
693,KY,63870.0,2021
694,KY,59560.0,2022
695,KY,63590.0,2023
696,KY,64790.0,2024
697,LA,51080.0,1984
698,LA,55210.0,1985
699,LA,53580.0,1986
700,LA,52960.0,1987
701,LA,49040.0,1988
702,LA,52390.0,1989
703,LA,48970.0,1990
704,LA,53350.0,1991
705,LA,52320.0,1992
706,LA,52810.0,1993
707,LA,50430.0,1994
708,LA,53620.0,1995
709,LA,56570.0,1996
710,LA,60870.0,1997
711,LA,57290.0,1998
712,LA,57760.0,1999
713,LA,52520.0,2000
714,LA,55720.0,2001
715,LA,56160.0,2002
716,LA,54210.0,2003
717,LA,57500.0,2004
718,LA,57110.0,2005
719,LA,54390.0,2006
720,LA,60040.0,2007
721,LA,55460.0,2008
722,LA,63950.0,2009
723,LA,54570.0,2010
724,LA,54750.0,2011
725,LA,51640.0,2012
726,LA,60600.0,2013
727,LA,54580.0,2014
728,LA,59150.0,2015
729,LA,53870.0,2016
730,LA,54660.0,2017
731,LA,61460.0,2018
732,LA,62670.0,2019
733,LA,61390.0,2020
734,LA,65680.0,2021
735,LA,62180.0,2022
736,LA,59140.0,2023
737,LA,60740.0,2024
738,ME,55660.0,1984
739,ME,53490.0,1985
740,ME,60080.0,1986
741,ME,58550.0,1987
742,ME,63160.0,1988
743,ME,64670.0,1989
744,ME,60020.0,1990
745,ME,58770.0,1991
746,ME,60910.0,1992
747,ME,55070.0,1993
748,ME,59540.0,1994
749,ME,64960.0,1995
750,ME,64860.0,1996
751,ME,59970.0,1997
752,ME,64340.0,1998
753,ME,68740.0,1999
754,ME,63720.0,2000
755,ME,61220.0,2001
756,ME,60860.0,2002
757,ME,60040.0,2003
758,ME,65230.0,2004
759,ME,67370.0,2005
760,ME,68030.0,2006
761,ME,69610.0,2007
762,ME,66210.0,2008
763,ME,66860.0,2009
764,ME,66550.0,2010
765,ME,66920.0,2011
766,ME,64950.0,2012
767,ME,71740.0,2013
768,ME,66560.0,2014
769,ME,65380.0,2015
770,ME,64930.0,2016
771,ME,66890.0,2017
772,ME,72150.0,2018
773,ME,80650.0,2019
774,ME,76400.0,2020
775,ME,81680.0,2021
776,ME,80130.0,2022
777,ME,77700.0,2023
778,ME,90730.0,2024
779,MD,80080.0,1984
780,MD,78560.0,1985
781,MD,78490.0,1986
782,MD,86750.0,1987
783,MD,87440.0,1988
784,MD,82540.0,1989
785,MD,84920.0,1990
786,MD,77930.0,1991
787,MD,76510.0,1992
788,MD,80150.0,1993
789,MD,76980.0,1994
790,MD,78740.0,1995
791,MD,82230.0,1996
792,MD,85430.0,1997
793,MD,90300.0,1998
794,MD,92340.0,1999
795,MD,93240.0,2000
796,MD,89510.0,2001
797,MD,93160.0,2002
798,MD,84630.0,2003
799,MD,90120.0,2004
800,MD,92820.0,2005
801,MD,94900.0,2006
802,MD,95380.0,2007
803,MD,89320.0,2008
804,MD,90350.0,2009
805,MD,89150.0,2010
806,MD,92760.0,2011
807,MD,94910.0,2012
808,MD,90530.0,2013
809,MD,98030.0,2014
810,MD,94790.0,2015
811,MD,94170.0,2016
812,MD,103000.0,2017
813,MD,106000.0,2018
814,MD,115800.0,2019
815,MD,113700.0,2020
816,MD,111700.0,2021
817,MD,115400.0,2022
818,MD,104600.0,2023
819,MD,109700.0,2024
820,MA,72670.0,1984
821,MA,73530.0,1985
822,MA,77810.0,1986
823,MA,79980.0,1987
824,MA,79460.0,1988
825,MA,82700.0,1989
826,MA,79220.0,1990
827,MA,75310.0,1991
828,MA,74780.0,1992
829,MA,74380.0,1993
830,MA,79540.0,1994
831,MA,74010.0,1995
832,MA,73820.0,1996
833,MA,76900.0,1997
834,MA,76450.0,1998
835,MA,77830.0,1999
836,MA,79940.0,2000
837,MA,87370.0,2001
838,MA,82340.0,2002
839,MA,82440.0,2003
840,MA,82100.0,2004
841,MA,85920.0,2005
842,MA,82470.0,2006
843,MA,84970.0,2007
844,MA,84560.0,2008
845,MA,83570.0,2009
846,MA,84610.0,2010
847,MA,85260.0,2011
848,MA,84100.0,2012
849,MA,81620.0,2013
850,MA,81280.0,2014
851,MA,87410.0,2015
852,MA,92260.0,2016
853,MA,95660.0,2017
854,MA,106200.0,2018
855,MA,106300.0,2019
856,MA,105300.0,2020
857,MA,99390.0,2021
858,MA,99720.0,2022
859,MA,109300.0,2023
860,MA,113900.0,2024
861,MI,61900.0,1984
862,MI,63200.0,1985
863,MI,68230.0,1986
864,MI,68720.0,1987
865,MI,70510.0,1988
866,MI,70530.0,1989
867,MI,65430.0,1990
868,MI,67730.0,1991
869,MI,66360.0,1992
870,MI,65550.0,1993
871,MI,69300.0,1994
872,MI,69890.0,1995
873,MI,73320.0,1996
874,MI,70900.0,1997
875,MI,75500.0,1998
876,MI,81520.0,1999
877,MI,77820.0,2000
878,MI,75320.0,2001
879,MI,70540.0,2002
880,MI,72840.0,2003
881,MI,66690.0,2004
882,MI,70450.0,2005
883,MI,72510.0,2006
884,MI,71750.0,2007
885,MI,69800.0,2008
886,MI,64740.0,2009
887,MI,64260.0,2010
888,MI,65830.0,2011
889,MI,66080.0,2012
890,MI,73840.0,2013
891,MI,66930.0,2014
892,MI,69820.0,2015
893,MI,72890.0,2016
894,MI,70770.0,2017
895,MI,74350.0,2018
896,MI,77710.0,2019
897,MI,77240.0,2020
898,MI,74040.0,2021
899,MI,73550.0,2022
900,MI,78950.0,2023
901,MI,79460.0,2024
902,MN,65870.0,1984
903,MN,62190.0,1985
904,MN,67820.0,1986
905,MN,69670.0,1987
906,MN,69590.0,1988
907,MN,69180.0,1989
908,MN,68770.0,1990
909,MN,62170.0,1991
910,MN,63720.0,1992
911,MN,67600.0,1993
912,MN,66080.0,1994
913,MN,72780.0,1995
914,MN,76620.0,1996
915,MN,77890.0,1997
916,MN,86520.0,1998
917,MN,83200.0,1999
918,MN,92760.0,2000
919,MN,88090.0,2001
920,MN,90210.0,2002
921,MN,85460.0,2003
922,MN,88550.0,2004
923,MN,83160.0,2005
924,MN,83790.0,2006
925,MN,84380.0,2007
926,MN,77000.0,2008
927,MN,78950.0,2009
928,MN,72650.0,2010
929,MN,77870.0,2011
930,MN,81640.0,2012
931,MN,83970.0,2013
932,MN,86550.0,2014
933,MN,88530.0,2015
934,MN,89650.0,2016
935,MN,87800.0,2017
936,MN,88330.0,2018
937,MN,98680.0,2019
938,MN,94460.0,2020
939,MN,92360.0,2021
940,MN,96350.0,2022
941,MN,92680.0,2023
942,MN,92350.0,2024
943,MS,41590.0,1984
944,MS,42790.0,1985
945,MS,42350.0,1986
946,MS,45930.0,1987
947,MS,43460.0,1988
948,MS,45640.0,1989
949,MS,44100.0,1990
950,MS,41070.0,1991
951,MS,42300.0,1992
952,MS,44540.0,1993
953,MS,49880.0,1994
954,MS,50920.0,1995
955,MS,49870.0,1996
956,MS,52150.0,1997
957,MS,52570.0,1998
958,MS,57450.0,1999
959,MS,58640.0,2000
960,MS,50430.0,2001
961,MS,51000.0,2002
962,MS,52950.0,2003
963,MS,54850.0,2004
964,MS,50430.0,2005
965,MS,51770.0,2006
966,MS,54180.0,2007
967,MS,51090.0,2008
968,MS,49380.0,2009
969,MS,52990.0,2010
970,MS,55340.0,2011
971,MS,48410.0,2012
972,MS,42210.0,2013
973,MS,45720.0,2014
974,MS,51570.0,2015
975,MS,52470.0,2016
976,MS,54300.0,2017
977,MS,52620.0,2018
978,MS,54280.0,2019
979,MS,54140.0,2020
980,MS,53550.0,2021
981,MS,51820.0,2022
982,MS,56490.0,2023
983,MS,55980.0,2024
984,MO,56000.0,1984
985,MO,57190.0,1985
986,MO,56230.0,1986
987,MO,58840.0,1987
988,MO,56080.0,1988
989,MO,60720.0,1989
990,MO,59730.0,1990
991,MO,58890.0,1991
992,MO,56270.0,1992
993,MO,57560.0,1993
994,MO,59290.0,1994
995,MO,66810.0,1995
996,MO,64050.0,1996
997,MO,66890.0,1997
998,MO,72580.0,1998
999,MO,73200.0,1999
1000,MO,77110.0,2000
1001,MO,69120.0,2001
1002,MO,70650.0,2002
1003,MO,70800.0,2003
1004,MO,66500.0,2004
1005,MO,65930.0,2005
1006,MO,66450.0,2006
1007,MO,66860.0,2007
1008,MO,64540.0,2008
1009,MO,68650.0,2009
1010,MO,63620.0,2010
1011,MO,61640.0,2011
1012,MO,65750.0,2012
1013,MO,60440.0,2013
1014,MO,72890.0,2014
1015,MO,76250.0,2015
1016,MO,70240.0,2016
1017,MO,70930.0,2017
1018,MO,75920.0,2018
1019,MO,73440.0,2019
1020,MO,74580.0,2020
1021,MO,73010.0,2021
1022,MO,76240.0,2022
1023,MO,80310.0,2023
1024,MO,78390.0,2024
1025,MT,52660.0,1984
1026,MT,52750.0,1985
1027,MT,52140.0,1986
1028,MT,50790.0,1987
1029,MT,53180.0,1988
1030,MT,54300.0,1989
1031,MT,51090.0,1990
1032,MT,52360.0,1991
1033,MT,54550.0,1992
1034,MT,53120.0,1993
1035,MT,54270.0,1994
1036,MT,53250.0,1995
1037,MT,53620.0,1996
1038,MT,53460.0,1997
1039,MT,57010.0,1998
1040,MT,54900.0,1999
1041,MT,56040.0,2000
1042,MT,53720.0,2001
1043,MT,57530.0,2002
1044,MT,55180.0,2003
1045,MT,53590.0,2004
1046,MT,57230.0,2005
1047,MT,61270.0,2006
1048,MT,63450.0,2007
1049,MT,60140.0,2008
1050,MT,56920.0,2009
1051,MT,57320.0,2010
1052,MT,54240.0,2011
1053,MT,59570.0,2012
1054,MT,56390.0,2013
1055,MT,65770.0,2014
1056,MT,66200.0,2015
1057,MT,72870.0,2016
1058,MT,72030.0,2017
1059,MT,70940.0,2018
1060,MT,72950.0,2019
1061,MT,68060.0,2020
1062,MT,74630.0,2021
1063,MT,77790.0,2022
1064,MT,81270.0,2023
1065,MT,81920.0,2024
1066,NE,57680.0,1984
1067,NE,56830.0,1985
1068,NE,55840.0,1986
1069,NE,57720.0,1987
1070,NE,60190.0,1988
1071,NE,60320.0,1989
1072,NE,60060.0,1990
1073,NE,62310.0,1991
1074,NE,61800.0,1992
1075,NE,62230.0,1993
1076,NE,62440.0,1994
1077,NE,63180.0,1995
1078,NE,63580.0,1996
1079,NE,63490.0,1997
1080,NE,65740.0,1998
1081,NE,68320.0,1999
1082,NE,71380.0,2000
1083,NE,72920.0,2001
1084,NE,70680.0,2002
1085,NE,71140.0,2003
1086,NE,69110.0,2004
1087,NE,73510.0,2005
1088,NE,71760.0,2006
1089,NE,71470.0,2007
1090,NE,71120.0,2008
1091,NE,69810.0,2009
1092,NE,72900.0,2010
1093,NE,74900.0,2011
1094,NE,68960.0,2012
1095,NE,75220.0,2013
1096,NE,73200.0,2014
1097,NE,77890.0,2015
1098,NE,75800.0,2016
1099,NE,74760.0,2017
1100,NE,83110.0,2018
1101,NE,88560.0,2019
1102,NE,86660.0,2020
1103,NE,89680.0,2021
1104,NE,83540.0,2022
1105,NE,91500.0,2023
1106,NE,86140.0,2024
1107,NV,69480.0,1984
1108,NV,60670.0,1985
1109,NV,67240.0,1986
1110,NV,66680.0,1987
1111,NV,66940.0,1988
1112,NV,67240.0,1989
1113,NV,69990.0,1990
1114,NV,69460.0,1991
1115,NV,65620.0,1992
1116,NV,71880.0,1993
1117,NV,70450.0,1994
1118,NV,69230.0,1995
1119,NV,72040.0,1996
1120,NV,71100.0,1997
1121,NV,71770.0,1998
1122,NV,73330.0,1999
1123,NV,78240.0,2000
1124,NV,75920.0,2001
1125,NV,74250.0,2002
1126,NV,73100.0,2003
1127,NV,74500.0,2004
1128,NV,73950.0,2005
1129,NV,77930.0,2006
1130,NV,78560.0,2007
1131,NV,76750.0,2008
1132,NV,72400.0,2009
1133,NV,71090.0,2010
1134,NV,63350.0,2011
1135,NV,62540.0,2012
1136,NV,67680.0,2013
1137,NV,64190.0,2014
1138,NV,66990.0,2015
1139,NV,70770.0,2016
1140,NV,72820.0,2017
1141,NV,76090.0,2018
1142,NV,85930.0,2019
1143,NV,73360.0,2020
1144,NV,73870.0,2021
1145,NV,77100.0,2022
1146,NV,83410.0,2023
1147,NV,80590.0,2024
1148,NH,69850.0,1984
1149,NH,68830.0,1985
1150,NH,78350.0,1986
1151,NH,80220.0,1987
1152,NH,82830.0,1988
1153,NH,86010.0,1989
1154,NH,89180.0,1990
1155,NH,75990.0,1991
1156,NH,81100.0,1992
1157,NH,76190.0,1993
1158,NH,69220.0,1994
1159,NH,75150.0,1995
1160,NH,73660.0,1996
1161,NH,75030.0,1997
1162,NH,81170.0,1998
1163,NH,81460.0,1999
1164,NH,87070.0,2000
1165,NH,85830.0,2001
1166,NH,91360.0,2002
1167,NH,89900.0,2003
1168,NH,89670.0,2004
1169,NH,87410.0,2005
1170,NH,92370.0,2006
1171,NH,98210.0,2007
1172,NH,92770.0,2008
1173,NH,90270.0,2009
1174,NH,92520.0,2010
1175,NH,88720.0,2011
1176,NH,89600.0,2012
1177,NH,90200.0,2013
1178,NH,94470.0,2014
1179,NH,97470.0,2015
1180,NH,97360.0,2016
1181,NH,94890.0,2017
1182,NH,100000.0,2018
1183,NH,105300.0,2019
1184,NH,106600.0,2020
1185,NH,102000.0,2021
1186,NH,90580.0,2022
1187,NH,101300.0,2023
1188,NH,111800.0,2024
1189,NJ,74870.0,1984
1190,NJ,80760.0,1985
1191,NJ,81340.0,1986
1192,NJ,84940.0,1987
1193,NJ,86810.0,1988
1194,NJ,89650.0,1989
1195,NJ,84650.0,1990
1196,NJ,84460.0,1991
1197,NJ,80210.0,1992
1198,NJ,81280.0,1993
1199,NJ,83040.0,1994
1200,NJ,84270.0,1995
1201,NJ,88730.0,1996
1202,NJ,87880.0,1997
1203,NJ,89960.0,1998
1204,NJ,87970.0,1999
1205,NJ,86180.0,2000
1206,NJ,86570.0,2001
1207,NJ,90120.0,2002
1208,NJ,90670.0,2003
1209,NJ,87240.0,2004
1210,NJ,97200.0,2005
1211,NJ,101400.0,2006
1212,NJ,87940.0,2007
1213,NJ,91550.0,2008
1214,NJ,91180.0,2009
1215,NJ,87430.0,2010
1216,NJ,83950.0,2011
1217,NJ,88110.0,2012
1218,NJ,83220.0,2013
1219,NJ,83970.0,2014
1220,NJ,88050.0,2015
1221,NJ,87410.0,2016
1222,NJ,89380.0,2017
1223,NJ,91230.0,2018
1224,NJ,106300.0,2019
1225,NJ,102600.0,2020
1226,NJ,101700.0,2021
1227,NJ,98430.0,2022
1228,NJ,93960.0,2023
1229,NJ,103500.0,2024
1230,NM,55610.0,1984
1231,NM,53240.0,1985
1232,NM,50900.0,1986
1233,NM,51500.0,1987
1234,NM,46160.0,1988
1235,NM,51800.0,1989
1236,NM,54720.0,1990
1237,NM,55970.0,1991
1238,NM,53180.0,1992
1239,NM,53700.0,1993
1240,NM,52840.0,1994
1241,NM,49870.0,1995
1242,NM,46890.0,1996
1243,NM,55060.0,1997
1244,NM,56950.0,1998
1245,NM,57620.0,1999
1246,NM,60000.0,2000
1247,NM,55390.0,2001
1248,NM,58560.0,2002
1249,NM,56790.0,2003
1250,NM,62440.0,2004
1251,NM,59740.0,2005
1252,NM,59670.0,2006
1253,NM,64460.0,2007
1254,NM,59020.0,2008
1255,NM,61290.0,2009
1256,NM,62670.0,2010
1257,NM,56540.0,2011
1258,NM,57370.0,2012
1259,NM,52430.0,2013
1260,NM,60090.0,2014
1261,NM,58110.0,2015
1262,NM,61860.0,2016
1263,NM,57210.0,2017
1264,NM,59380.0,2018
1265,NM,64370.0,2019
1266,NM,61060.0,2020
1267,NM,61380.0,2021
1268,NM,60150.0,2022
1269,NM,62560.0,2023
1270,NM,64140.0,2024
1271,NY,59370.0,1984
1272,NY,61620.0,1985
1273,NY,64180.0,1986
1274,NY,65450.0,1987
1275,NY,69170.0,1988
1276,NY,72180.0,1989
1277,NY,69040.0,1990
1278,NY,67050.0,1991
1279,NY,63860.0,1992
1280,NY,63610.0,1993
1281,NY,62650.0,1994
1282,NY,63370.0,1995
1283,NY,66190.0,1996
1284,NY,65510.0,1997
1285,NY,67510.0,1998
1286,NY,70730.0,1999
1287,NY,69660.0,2000
1288,NY,70420.0,2001
1289,NY,69310.0,2002
1290,NY,69220.0,2003
1291,NY,70470.0,2004
1292,NY,72360.0,2005
1293,NY,71880.0,2006
1294,NY,71130.0,2007
1295,NY,70740.0,2008
1296,NY,70680.0,2009
1297,NY,69120.0,2010
1298,NY,68190.0,2011
1299,NY,63000.0,2012
1300,NY,65230.0,2013
1301,NY,69900.0,2014
1302,NY,74710.0,2015
1303,NY,78440.0,2016
1304,NY,77220.0,2017
1305,NY,82740.0,2018
1306,NY,87080.0,2019
1307,NY,82350.0,2020
1308,NY,83720.0,2021
1309,NY,80920.0,2022
1310,NY,83710.0,2023
1311,NY,86830.0,2024
1312,NC,55440.0,1984
1313,NC,55920.0,1985
1314,NC,56070.0,1986
1315,NC,56460.0,1987
1316,NC,58410.0,1988
1317,NC,60520.0,1989
1318,NC,57540.0,1990
1319,NC,56630.0,1991
1320,NC,57110.0,1992
1321,NC,57840.0,1993
1322,NC,59140.0,1994
1323,NC,61350.0,1995
1324,NC,66550.0,1996
1325,NC,65590.0,1997
1326,NC,64700.0,1998
1327,NC,65890.0,1999
1328,NC,65510.0,2000
1329,NC,63810.0,2001
1330,NC,60310.0,2002
1331,NC,60310.0,2003
1332,NC,63510.0,2004
1333,NC,64510.0,2005
1334,NC,59320.0,2006
1335,NC,63240.0,2007
1336,NC,60180.0,2008
1337,NC,58990.0,2009
1338,NC,60860.0,2010
1339,NC,60880.0,2011
1340,NC,54900.0,2012
1341,NC,60490.0,2013
1342,NC,60210.0,2014
1343,NC,65430.0,2015
1344,NC,68640.0,2016
1345,NC,62170.0,2017
1346,NC,65640.0,2018
1347,NC,74120.0,2019
1348,NC,72480.0,2020
1349,NC,72210.0,2021
1350,NC,69370.0,2022
1351,NC,70390.0,2023
1352,NC,67220.0,2024
1353,ND,55990.0,1984
1354,ND,55280.0,1985
1355,ND,55160.0,1986
1356,ND,56010.0,1987
1357,ND,57640.0,1988
1358,ND,57820.0,1989
1359,ND,55210.0,1990
1360,ND,54600.0,1991
1361,ND,55440.0,1992
1362,ND,56430.0,1993
1363,ND,55540.0,1994
1364,ND,55810.0,1995
1365,ND,58820.0,1996
1366,ND,57940.0,1997
1367,ND,54710.0,1998
1368,ND,57770.0,1999
1369,ND,61550.0,2000
1370,ND,59850.0,2001
1371,ND,59780.0,2002
1372,ND,65380.0,2003
1373,ND,61900.0,2004
1374,ND,64720.0,2005
1375,ND,61180.0,2006
1376,ND,68600.0,2007
1377,ND,69580.0,2008
1378,ND,70480.0,2009
1379,ND,70820.0,2010
1380,ND,75900.0,2011
1381,ND,73680.0,2012
1382,ND,77220.0,2013
1383,ND,78160.0,2014
1384,ND,73950.0,2015
1385,ND,76840.0,2016
1386,ND,75490.0,2017
1387,ND,81790.0,2018
1388,ND,84870.0,2019
1389,ND,76900.0,2020
1390,ND,79090.0,2021
1391,ND,83910.0,2022
1392,ND,78950.0,2023
1393,ND,88080.0,2024
1394,OH,62330.0,1984
1395,OH,65630.0,1985
1396,OH,64410.0,1986
1397,OH,63940.0,1987
1398,OH,66360.0,1988
1399,OH,66510.0,1989
1400,OH,65590.0,1990
1401,OH,62820.0,1991
1402,OH,64590.0,1992
1403,OH,62790.0,1993
1404,OH,62560.0,1994
1405,OH,67040.0,1995
1406,OH,63680.0,1996
1407,OH,66130.0,1997
1408,OH,70270.0,1998
1409,OH,69850.0,1999
1410,OH,73460.0,2000
1411,OH,69870.0,2001
1412,OH,70490.0,2002
1413,OH,70410.0,2003
1414,OH,67950.0,2004
1415,OH,67800.0,2005
1416,OH,68420.0,2006
1417,OH,71360.0,2007
1418,OH,65800.0,2008
1419,OH,64580.0,2009
1420,OH,63710.0,2010
1421,OH,60130.0,2011
1422,OH,58630.0,2012
1423,OH,66250.0,2013
1424,OH,63900.0,2014
1425,OH,68650.0,2015
1426,OH,68920.0,2016
1427,OH,76140.0,2017
1428,OH,75800.0,2018
1429,OH,78370.0,2019
1430,OH,72420.0,2020
1431,OH,71970.0,2021
1432,OH,71980.0,2022
1433,OH,75680.0,2023
1434,OH,80520.0,2024
1435,OK,57000.0,1984
1436,OK,55280.0,1985
1437,OK,53730.0,1986
1438,OK,53810.0,1987
1439,OK,56620.0,1988
1440,OK,54240.0,1989
1441,OK,53290.0,1990
1442,OK,53690.0,1991
1443,OK,52000.0,1992
1444,OK,52700.0,1993
1445,OK,53010.0,1994
1446,OK,50480.0,1995
1447,OK,51290.0,1996
1448,OK,57370.0,1997
1449,OK,60890.0,1998
1450,OK,57810.0,1999
1451,OK,55450.0,2000
1452,OK,59540.0,2001
1453,OK,60210.0,2002
1454,OK,58080.0,2003
1455,OK,62520.0,2004
1456,OK,57740.0,2005
1457,OK,57890.0,2006
1458,OK,62810.0,2007
1459,OK,64640.0,2008
1460,OK,64580.0,2009
1461,OK,59850.0,2010
1462,OK,65260.0,2011
1463,OK,63960.0,2012
1464,OK,60260.0,2013
1465,OK,60750.0,2014
1466,OK,60640.0,2015
1467,OK,65040.0,2016
1468,OK,65100.0,2017
1469,OK,66950.0,2018
1470,OK,71990.0,2019
1471,OK,62940.0,2020
1472,OK,69000.0,2021
1473,OK,67630.0,2022
1474,OK,69070.0,2023
1475,OK,65310.0,2024
1476,OR,57680.0,1984
1477,OR,57070.0,1985
1478,OR,63540.0,1986
1479,OR,62110.0,1987
1480,OR,66380.0,1988
1481,OR,65380.0,1989
1482,OR,63990.0,1990
1483,OR,63670.0,1991
1484,OR,65660.0,1992
1485,OR,66500.0,1993
1486,OR,61780.0,1994
1487,OR,69790.0,1995
1488,OR,66340.0,1996
1489,OR,68160.0,1997
1490,OR,70530.0,1998
1491,OR,71850.0,1999
1492,OR,72660.0,2000
1493,OR,69010.0,2001
1494,OR,69040.0,2002
1495,OR,67360.0,2003
1496,OR,64700.0,2004
1497,OR,67730.0,2005
1498,OR,70190.0,2006
1499,OR,73010.0,2007
1500,OR,72520.0,2008
1501,OR,69110.0,2009
1502,OR,70260.0,2010
1503,OR,69390.0,2011
1504,OR,68410.0,2012
1505,OR,63960.0,2013
1506,OR,75780.0,2014
1507,OR,78360.0,2015
1508,OR,75500.0,2016
1509,OR,78410.0,2017
1510,OR,85070.0,2018
1511,OR,90190.0,2019
1512,OR,92180.0,2020
1513,OR,93980.0,2021
1514,OR,92510.0,2022
1515,OR,91030.0,2023
1516,OR,89700.0,2024
1517,PA,54840.0,1984
1518,PA,59640.0,1985
1519,PA,61060.0,1986
1520,PA,63070.0,1987
1521,PA,63980.0,1988
1522,PA,65750.0,1989
1523,PA,63390.0,1990
1524,PA,64040.0,1991
1525,PA,61460.0,1992
1526,PA,62200.0,1993
1527,PA,62980.0,1994
1528,PA,66240.0,1995
1529,PA,65230.0,1996
1530,PA,68660.0,1997
1531,PA,70440.0,1998
1532,PA,66780.0,1999
1533,PA,72110.0,2000
1534,PA,72730.0,2001
1535,PA,70190.0,2002
1536,PA,69460.0,2003
1537,PA,69610.0,2004
1538,PA,71020.0,2005
1539,PA,72260.0,2006
1540,PA,70400.0,2007
1541,PA,72060.0,2008
1542,PA,67810.0,2009
1543,PA,67090.0,2010
1544,PA,67210.0,2011
1545,PA,68580.0,2012
1546,PA,72000.0,2013
1547,PA,71010.0,2014
1548,PA,77780.0,2015
1549,PA,77850.0,2016
1550,PA,76890.0,2017
1551,PA,79360.0,2018
1552,PA,85540.0,2019
1553,PA,84910.0,2020
1554,PA,83380.0,2021
1555,PA,76970.0,2022
1556,PA,81880.0,2023
1557,PA,80060.0,2024
1558,RI,58260.0,1984
1559,RI,64190.0,1985
1560,RI,68070.0,1986
1561,RI,70190.0,1987
1562,RI,71390.0,1988
1563,RI,69040.0,1989
1564,RI,69860.0,1990
1565,RI,65030.0,1991
1566,RI,62590.0,1992
1567,RI,67250.0,1993
1568,RI,62710.0,1994
1569,RI,67840.0,1995
1570,RI,69140.0,1996
1571,RI,63680.0,1997
1572,RI,73450.0,1998
1573,RI,75560.0,1999
1574,RI,72150.0,2000
1575,RI,76450.0,2001
1576,RI,70050.0,2002
1577,RI,72330.0,2003
1578,RI,75650.0,2004
1579,RI,75900.0,2005
1580,RI,80100.0,2006
1581,RI,78790.0,2007
1582,RI,74640.0,2008
1583,RI,72680.0,2009
1584,RI,71680.0,2010
1585,RI,66030.0,2011
1586,RI,74070.0,2012
1587,RI,73520.0,2013
1588,RI,75470.0,2014
1589,RI,71740.0,2015
1590,RI,78550.0,2016
1591,RI,82060.0,2017
1592,RI,76580.0,2018
1593,RI,85020.0,2019
1594,RI,96170.0,2020
1595,RI,86090.0,2021
1596,RI,85980.0,2022
1597,RI,83980.0,2023
1598,RI,92290.0,2024
1599,SC,54740.0,1984
1600,SC,52230.0,1985
1601,SC,56340.0,1986
1602,SC,62140.0,1987
1603,SC,61080.0,1988
1604,SC,54540.0,1989
1605,SC,62800.0,1990
1606,SC,57910.0,1991
1607,SC,56720.0,1992
1608,SC,52290.0,1993
1609,SC,58620.0,1994
1610,SC,55780.0,1995
1611,SC,64800.0,1996
1612,SC,62700.0,1997
1613,SC,60060.0,1998
1614,SC,64490.0,1999
1615,SC,64240.0,2000
1616,SC,63100.0,2001
1617,SC,62450.0,2002
1618,SC,62250.0,2003
1619,SC,61070.0,2004
1620,SC,61710.0,2005
1621,SC,59050.0,2006
1622,SC,64260.0,2007
1623,SC,59100.0,2008
1624,SC,57850.0,2009
1625,SC,57900.0,2010
1626,SC,53980.0,2011
1627,SC,58660.0,2012
1628,SC,56870.0,2013
1629,SC,57830.0,2014
1630,SC,59710.0,2015
1631,SC,69370.0,2016
1632,SC,68430.0,2017
1633,SC,70650.0,2018
1634,SC,75180.0,2019
1635,SC,72380.0,2020
1636,SC,71810.0,2021
1637,SC,65840.0,2022
1638,SC,70890.0,2023
1639,SC,76780.0,2024
1640,SD,52320.0,1984
1641,SD,47290.0,1985
1642,SD,51030.0,1986
1643,SD,52470.0,1987
1644,SD,53330.0,1988
1645,SD,55250.0,1989
1646,SD,53700.0,1990
1647,SD,51960.0,1991
1648,SD,54000.0,1992
1649,SD,55670.0,1993
1650,SD,58390.0,1994
1651,SD,56750.0,1995
1652,SD,55190.0,1996
1653,SD,54340.0,1997
1654,SD,59190.0,1998
1655,SD,63370.0,1999
1656,SD,62370.0,2000
1657,SD,66330.0,2001
1658,SD,62550.0,2002
1659,SD,63940.0,2003
1660,SD,64880.0,2004
1661,SD,66190.0,2005
1662,SD,67710.0,2006
1663,SD,67460.0,2007
1664,SD,72340.0,2008
1665,SD,64500.0,2009
1666,SD,62970.0,2010
1667,SD,63600.0,2011
1668,SD,65290.0,2012
1669,SD,69720.0,2013
1670,SD,68280.0,2014
1671,SD,70930.0,2015
1672,SD,73350.0,2016
1673,SD,71410.0,2017
1674,SD,73130.0,2018
1675,SD,77870.0,2019
1676,SD,84190.0,2020
1677,SD,84840.0,2021
1678,SD,71620.0,2022
1679,SD,83860.0,2023
1680,SD,79850.0,2024
1681,TN,45240.0,1984
1682,TN,46350.0,1985
1683,TN,46820.0,1986
1684,TN,52540.0,1987
1685,TN,49890.0,1988
1686,TN,51820.0,1989
1687,TN,49370.0,1990
1688,TN,51570.0,1991
1689,TN,50010.0,1992
1690,TN,50380.0,1993
1691,TN,56250.0,1994
1692,TN,55670.0,1995
1693,TN,57550.0,1996
1694,TN,56060.0,1997
1695,TN,61550.0,1998
1696,TN,64600.0,1999
1697,TN,58300.0,2000
1698,TN,59830.0,2001
1699,TN,61160.0,2002
1700,TN,60710.0,2003
1701,TN,60090.0,2004
1702,TN,60440.0,2005
1703,TN,60660.0,2006
1704,TN,59870.0,2007
1705,TN,55660.0,2008
1706,TN,57030.0,2009
1707,TN,53580.0,2010
1708,TN,56940.0,2011
1709,TN,56810.0,2012
1710,TN,56600.0,2013
1711,TN,56270.0,2014
1712,TN,60960.0,2015
1713,TN,65550.0,2016
1714,TN,69390.0,2017
1715,TN,68950.0,2018
1716,TN,68630.0,2019
1717,TN,65940.0,2020
1718,TN,71370.0,2021
1719,TN,69700.0,2022
1720,TN,74580.0,2023
1721,TN,75860.0,2024
1722,TX,62060.0,1984
1723,TX,61900.0,1985
1724,TX,61970.0,1986
1725,TX,61330.0,1987
1726,TX,59720.0,1988
1727,TX,59320.0,1989
1728,TX,61690.0,1990
1729,TX,58480.0,1991
1730,TX,57490.0,1992
1731,TX,57650.0,1993
1732,TX,60400.0,1994
1733,TX,61470.0,1995
1734,TX,61820.0,1996
1735,TX,64190.0,1997
1736,TX,64600.0,1998
1737,TX,68430.0,1999
1738,TX,66010.0,2000
1739,TX,68320.0,2001
1740,TX,66310.0,2002
1741,TX,63530.0,2003
1742,TX,65340.0,2004
1743,TX,63540.0,2005
1744,TX,64550.0,2006
1745,TX,66930.0,2007
1746,TX,65180.0,2008
1747,TX,66830.0,2009
1748,TX,65630.0,2010
1749,TX,66050.0,2011
1750,TX,68610.0,2012
1751,TX,67100.0,2013
1752,TX,69340.0,2014
1753,TX,72740.0,2015
1754,TX,74240.0,2016
1755,TX,75400.0,2017
1756,TX,73530.0,2018
1757,TX,81740.0,2019
1758,TX,82050.0,2020
1759,TX,77390.0,2021
1760,TX,79560.0,2022
1761,TX,81110.0,2023
1762,TX,81490.0,2024
1763,UT,62150.0,1984
1764,UT,65790.0,1985
1765,UT,67400.0,1986
1766,UT,65810.0,1987
1767,UT,62950.0,1988
1768,UT,70390.0,1989
1769,UT,65870.0,1990
1770,UT,59080.0,1991
1771,UT,70440.0,1992
1772,UT,71820.0,1993
1773,UT,70140.0,1994
1774,UT,69990.0,1995
1775,UT,69230.0,1996
1776,UT,78280.0,1997
1777,UT,79980.0,1998
1778,UT,81450.0,1999
1779,UT,81300.0,2000
1780,UT,79160.0,2001
1781,UT,79040.0,2002
1782,UT,79720.0,2003
1783,UT,80290.0,2004
1784,UT,84080.0,2005
1785,UT,81430.0,2006
1786,UT,77800.0,2007
1787,UT,87670.0,2008
1788,UT,82330.0,2009
1789,UT,78730.0,2010
1790,UT,74730.0,2011
1791,UT,77080.0,2012
1792,UT,79690.0,2013
1793,UT,81580.0,2014
1794,UT,85340.0,2015
1795,UT,86150.0,2016
1796,UT,87560.0,2017
1797,UT,94780.0,2018
1798,UT,102400.0,2019
1799,UT,100700.0,2020
1800,UT,100600.0,2021
1801,UT,102100.0,2022
1802,UT,103800.0,2023
1803,UT,104000.0,2024
1804,VT,60860.0,1984
1805,VT,67780.0,1985
1806,VT,63090.0,1986
1807,VT,63050.0,1987
1808,VT,69350.0,1988
1809,VT,71720.0,1989
1810,VT,67960.0,1990
1811,VT,61480.0,1991
1812,VT,67360.0,1992
1813,VT,62340.0,1993
1814,VT,70310.0,1994
1815,VT,64890.0,1995
1816,VT,60480.0,1996
1817,VT,64150.0,1997
1818,VT,71080.0,1998
1819,VT,73550.0,1999
1820,VT,67700.0,2000
1821,VT,68210.0,2001
1822,VT,71010.0,2002
1823,VT,69990.0,2003
1824,VT,74700.0,2004
1825,VT,77770.0,2005
1826,VT,77480.0,2006
1827,VT,68870.0,2007
1828,VT,71090.0,2008
1829,VT,73640.0,2009
1830,VT,77660.0,2010
1831,VT,69840.0,2011
1832,VT,73440.0,2012
1833,VT,85520.0,2013
1834,VT,78140.0,2014
1835,VT,76630.0,2015
1836,VT,77670.0,2016
1837,VT,79900.0,2017
1838,VT,86170.0,2018
1839,VT,90050.0,2019
1840,VT,80670.0,2020
1841,VT,87350.0,2021
1842,VT,76960.0,2022
1843,VT,87400.0,2023
1844,VT,85260.0,2024
1845,VA,71500.0,1984
1846,VA,74110.0,1985
1847,VA,76210.0,1986
1848,VA,74410.0,1987
1849,VA,78100.0,1988
1850,VA,78190.0,1989
1851,VA,76650.0,1990
1852,VA,76210.0,1991
1853,VA,78560.0,1992
1854,VA,73120.0,1993
1855,VA,73940.0,1994
1856,VA,69500.0,1995
1857,VA,73290.0,1996
1858,VA,78610.0,1997
1859,VA,78270.0,1998
1860,VA,80820.0,1999
1861,VA,80640.0,2000
1862,VA,84010.0,2001
1863,VA,81970.0,2002
1864,VA,88630.0,2003
1865,VA,80710.0,2004
1866,VA,79630.0,2005
1867,VA,85140.0,2006
1868,VA,85980.0,2007
1869,VA,86900.0,2008
1870,VA,85160.0,2009
1871,VA,83820.0,2010
1872,VA,84330.0,2011
1873,VA,85390.0,2012
1874,VA,86030.0,2013
1875,VA,85150.0,2014
1876,VA,79200.0,2015
1877,VA,84840.0,2016
1878,VA,88840.0,2017
1879,VA,94890.0,2018
1880,VA,98550.0,2019
1881,VA,98610.0,2020
1882,VA,92160.0,2021
1883,VA,90790.0,2022
1884,VA,98990.0,2023
1885,VA,97720.0,2024
1886,WA,67430.0,1984
1887,WA,62570.0,1985
1888,WA,68940.0,1986
1889,WA,67770.0,1987
1890,WA,77340.0,1988
1891,WA,73250.0,1989
1892,WA,70180.0,1990
1893,WA,71640.0,1991
1894,WA,69720.0,1992
1895,WA,71560.0,1993
1896,WA,65860.0,1994
1897,WA,68240.0,1995
1898,WA,68560.0,1996
1899,WA,81550.0,1997
1900,WA,85610.0,1998
1901,WA,80430.0,1999
1902,WA,72710.0,2000
1903,WA,71050.0,2001
1904,WA,74620.0,2002
1905,WA,76860.0,2003
1906,WA,78790.0,2004
1907,WA,77680.0,2005
1908,WA,81570.0,2006
1909,WA,84410.0,2007
1910,WA,79390.0,2008
1911,WA,85010.0,2009
1912,WA,77980.0,2010
1913,WA,76560.0,2011
1914,WA,82160.0,2012
1915,WA,83440.0,2013
1916,WA,76030.0,2014
1917,WA,86610.0,2015
1918,WA,89770.0,2016
1919,WA,89760.0,2017
1920,WA,98060.0,2018
1921,WA,99930.0,2019
1922,WA,97580.0,2020
1923,WA,100600.0,2021
1924,WA,95330.0,2022
1925,WA,95850.0,2023
1926,WA,97500.0,2024
1927,WV,45400.0,1984
1928,WV,41670.0,1985
1929,WV,42230.0,1986
1930,WV,42690.0,1987
1931,WV,46300.0,1988
1932,WV,49680.0,1989
1933,WV,48380.0,1990
1934,WV,48810.0,1991
1935,WV,41690.0,1992
1936,WV,45000.0,1993
1937,WV,46280.0,1994
1938,WV,47730.0,1995
1939,WV,47190.0,1996
1940,WV,50300.0,1997
1941,WV,48210.0,1998
1942,WV,51820.0,1999
1943,WV,50290.0,2000
1944,WV,49620.0,2001
1945,WV,48490.0,2002
1946,WV,53000.0,2003
1947,WV,52670.0,2004
1948,WV,55900.0,2005
1949,WV,57270.0,2006
1950,WV,61170.0,2007
1951,WV,53260.0,2008
1952,WV,56990.0,2009
1953,WV,59400.0,2010
1954,WV,56320.0,2011
1955,WV,57540.0,2012
1956,WV,56220.0,2013
1957,WV,50910.0,2014
1958,WV,55160.0,2015
1959,WV,56630.0,2016
1960,WV,58920.0,2017
1961,WV,62200.0,2018
1962,WV,65090.0,2019
1963,WV,62340.0,2020
1964,WV,53770.0,2021
1965,WV,55920.0,2022
1966,WV,61970.0,2023
1967,WV,63150.0,2024
1968,WI,55910.0,1984
1969,WI,60600.0,1985
1970,WI,67790.0,1986
1971,WI,65420.0,1987
1972,WI,70750.0,1988
1973,WI,66740.0,1989
1974,WI,67120.0,1990
1975,WI,65650.0,1991
1976,WI,68500.0,1992
1977,WI,63750.0,1993
1978,WI,69500.0,1994
1979,WI,78580.0,1995
1980,WI,74770.0,1996
1981,WI,72460.0,1997
1982,WI,74610.0,1998
1983,WI,80770.0,1999
1984,WI,77090.0,2000
1985,WI,75820.0,2001
1986,WI,75810.0,2002
1987,WI,74850.0,2003
1988,WI,72180.0,2004
1989,WI,68490.0,2005
1990,WI,77050.0,2006
1991,WI,74520.0,2007
1992,WI,71780.0,2008
1993,WI,72120.0,2009
1994,WI,69910.0,2010
1995,WI,70110.0,2011
1996,WI,70130.0,2012
1997,WI,67520.0,2013
1998,WI,74750.0,2014
1999,WI,71390.0,2015
2000,WI,76370.0,2016
2001,WI,79650.0,2017
2002,WI,77030.0,2018
2003,WI,81630.0,2019
2004,WI,80850.0,2020
2005,WI,80300.0,2021
2006,WI,78170.0,2022
2007,WI,81750.0,2023
2008,WI,82560.0,2024
2009,WY,64200.0,1984
2010,WY,57560.0,1985
2011,WY,60420.0,1986
2012,WY,68450.0,1987
2013,WY,63200.0,1988
2014,WY,67650.0,1989
2015,WY,64380.0,1990
2016,WY,61260.0,1991
2017,WY,62130.0,1992
2018,WY,59090.0,1993
2019,WY,65090.0,1994
2020,WY,60490.0,1995
2021,WY,57860.0,1996
2022,WY,61160.0,1997
2023,WY,63640.0,1998
2024,WY,65880.0,1999
2025,WY,67760.0,2000
2026,WY,66410.0,2001
2027,WY,65670.0,2002
2028,WY,68850.0,2003
2029,WY,71650.0,2004
2030,WY,68590.0,2005
2031,WY,70120.0,2006
2032,WY,70840.0,2007
2033,WY,74770.0,2008
2034,WY,73860.0,2009
2035,WY,72480.0,2010
2036,WY,73410.0,2011
2037,WY,75990.0,2012
2038,WY,88040.0,2013
2039,WY,71680.0,2014
2040,WY,78470.0,2015
2041,WY,73830.0,2016
2042,WY,74700.0,2017
2043,WY,76920.0,2018
2044,WY,78940.0,2019
2045,WY,78500.0,2020
2046,WY,81580.0,2021
2047,WY,77920.0,2022
2048,WY,79200.0,2023
2049,WY,78680.0,2024
